matrix	part_src	weight	hybrid_per_iter	gpu_full_per_iter
RM07R	patoh	w100	0.00499838	0.00145725
RM07R	patoh	w400	0.001842763	0.001467613
RM07R	patoh	w500	0.001438239	0.001453397
RM07R	patoh	w600	0.0012545	0.0014688
RM07R	patoh	w700	0.001201307	0.001451276
RM07R	patoh	w800	0.001241357	0.001449817
RM07R	patoh	w900	0.001279387	0.00145724
RM07R	patoh	w1000	0.001251607	0.001452587
RM07R	patoh	w1100	0.001257103	0.00145357
RM07R	patoh	w1200	0.001284077	0.001453984
RM07R	patoh	w2000	0.00131464	0.0014475
RM07R	patoh	w2720	0.00131294	0.001446774
RM07R	naive	w100	0.005190773	0.001477867
RM07R	naive	w400	0.001743077	0.001457873
RM07R	naive	w500	0.001362054	0.001462753
RM07R	naive	w600	0.0012535	0.00146443
RM07R	naive	w700	0.001203197	0.001440133
RM07R	naive	w800	0.00127316	0.00146089
RM07R	naive	w900	0.001249983	0.001453397
RM07R	naive	w1000	0.00125424	0.00144574
RM07R	naive	w1100	0.001267627	0.001453427
RM07R	naive	w1200	0.001261577	0.001452603
RM07R	naive	w2000	0.001304317	0.001448696
RM07R	naive	w2720	0.001322637	0.001447847
cage14	patoh	w100	0.004111457	0.001188527
cage14	patoh	w400	0.00135294	0.001188993
cage14	patoh	w500	0.00113576	0.001197821
cage14	patoh	w600	0.001004543	0.001199063
cage14	patoh	w700	0.001022813	0.00117649
cage14	patoh	w800	0.001031436	0.00117674
cage14	patoh	w900	0.001044427	0.001175667
cage14	patoh	w1000	0.001064664	0.001198227
cage14	patoh	w1100	0.001062887	0.001177307
cage14	patoh	w1200	0.001075794	0.00119833
cage14	patoh	w2000	0.00110018	0.001177304
cage14	patoh	w2720	0.001117317	0.00118165
cage14	naive	w100	0.003990041	0.0011983
cage14	naive	w400	0.001278074	0.001187646
cage14	naive	w500	0.0009854905	0.00119491
cage14	naive	w600	0.0009960437	0.001198124
cage14	naive	w700	0.001013986	0.001194456
cage14	naive	w800	0.001027	0.001198304
cage14	naive	w900	0.001041811	0.001193577
cage14	naive	w1000	0.001050007	0.001197031
cage14	naive	w1100	0.001053973	0.00117529
cage14	naive	w1200	0.001064607	0.001183706
cage14	naive	w2000	0.001094113	0.00118018
cage14	naive	w2720	0.001102474	0.001175027
Hamrle3	patoh	w100	0.0008499734	0.000345463
Hamrle3	patoh	w400	0.0002803198	0.0003455098
Hamrle3	patoh	w500	0.0002921232	0.0003455973
Hamrle3	patoh	w600	0.0003015272	0.0003457006
Hamrle3	patoh	w700	0.0003064235	0.0003455766
Hamrle3	patoh	w800	0.0003084064	0.000345513
Hamrle3	patoh	w900	0.0003126335	0.0003455766
Hamrle3	patoh	w1000	0.0003185733	0.0003455369
Hamrle3	patoh	w1100	0.0003178835	0.00034561
Hamrle3	patoh	w1200	0.0003224405	0.0003455567
Hamrle3	patoh	w2000	0.0003331534	0.0003455695
Hamrle3	patoh	w2720	0.0003394834	0.0003455599
Hamrle3	naive	w100	0.0009052499	0.0003455265
Hamrle3	naive	w400	0.0002673634	0.0003455162
Hamrle3	naive	w500	0.0002764535	0.000345494
Hamrle3	naive	w600	0.0002851502	0.00034554
Hamrle3	naive	w700	0.0002932135	0.000345513
Hamrle3	naive	w800	0.00029881	0.0003454733
Hamrle3	naive	w900	0.0003034663	0.0003455671
Hamrle3	naive	w1000	0.0003067962	0.0003455067
Hamrle3	naive	w1100	0.0003097065	0.000345513
Hamrle3	naive	w1200	0.0003133631	0.0003455194
Hamrle3	naive	w2000	0.0003258538	0.000345494
Hamrle3	naive	w2720	0.0003306135	0.00034554
rajat30_mc64_5	patoh	w100	0.0006235131	0.0003064966
rajat30_mc64_5	patoh	w400	0.0002526871	0.0003055167
rajat30_mc64_5	patoh	w500	0.0002618766	0.0003054667
rajat30_mc64_5	patoh	w600	0.0002692668	0.0003060166
rajat30_mc64_5	patoh	w700	0.0002739668	0.0003059967
rajat30_mc64_5	patoh	w800	0.0002780406	0.0003055263
rajat30_mc64_5	patoh	w900	0.0002811066	0.0003055398
rajat30_mc64_5	patoh	w1000	0.0002820007	0.00030562
rajat30_mc64_5	patoh	w1100	0.0002848864	0.0003055573
rajat30_mc64_5	patoh	w1200	0.0002851097	0.0003055366
rajat30_mc64_5	patoh	w2000	0.0002939304	0.0003055731
rajat30_mc64_5	patoh	w2720	0.0002976934	0.0003054802
rajat30_mc64_5	naive	w100	0.0005993533	0.000306193
rajat30_mc64_5	naive	w400	0.0002514036	0.0003059832
rajat30_mc64_5	naive	w500	0.0002601902	0.000305934
rajat30_mc64_5	naive	w600	0.0002665567	0.0003055334
rajat30_mc64_5	naive	w700	0.0002713394	0.0003055366
rajat30_mc64_5	naive	w800	0.0002736203	0.0003055867
rajat30_mc64_5	naive	w900	0.0002776496	0.0003055072
rajat30_mc64_5	naive	w1000	0.0002799773	0.0003055493
rajat30_mc64_5	naive	w1100	0.0002834868	0.0003061469
rajat30_mc64_5	naive	w1200	0.0002843698	0.0003055374
rajat30_mc64_5	naive	w2000	0.0002920167	0.00030593
rajat30_mc64_5	naive	w2720	0.0002952298	0.0003059467
circuit5M_dc	patoh	w100	0.003633056	0.0009586628
circuit5M_dc	patoh	w400	0.000978903	0.0009585834
circuit5M_dc	patoh	w500	0.0008168562	0.0009583902
circuit5M_dc	patoh	w600	0.0008257699	0.0009589227
circuit5M_dc	patoh	w700	0.000840017	0.0009583131
circuit5M_dc	patoh	w800	0.0008578602	0.0009578633
circuit5M_dc	patoh	w900	0.000868094	0.0009584904
circuit5M_dc	patoh	w1000	0.0008771229	0.0009581868
circuit5M_dc	patoh	w1100	0.0008836269	0.0009582067
circuit5M_dc	patoh	w1200	0.0008855732	0.0009584268
circuit5M_dc	patoh	w2000	0.0009171534	0.0009585198
circuit5M_dc	patoh	w2720	0.0009282502	0.0009567698
circuit5M_dc	naive	w100	0.00380013	0.0009585102
circuit5M_dc	naive	w400	0.00117327	0.0009581669
circuit5M_dc	naive	w500	0.0008537928	0.0009586334
circuit5M_dc	naive	w600	0.0008247399	0.0009572864
circuit5M_dc	naive	w700	0.0008417098	0.0009588305
circuit5M_dc	naive	w800	0.0008520269	0.0009585436
circuit5M_dc	naive	w900	0.000862143	0.0009584761
circuit5M_dc	naive	w1000	0.000869987	0.0009578435
circuit5M_dc	naive	w1100	0.0008782299	0.0009583894
circuit5M_dc	naive	w1200	0.0008831604	0.0009568429
circuit5M_dc	naive	w2000	0.0009088763	0.0009579062
circuit5M_dc	naive	w2720	0.0009200939	0.0009571067
circuit5M	patoh	w100	0.01481677	0.002591856
circuit5M	patoh	w400	0.00549822	0.002582157
circuit5M	patoh	w500	0.003773907	0.002593534
circuit5M	patoh	w600	0.003031503	0.00257804
circuit5M	patoh	w700	0.002822517	0.002574343
circuit5M	patoh	w800	0.00230442	0.002580637
circuit5M	patoh	w900	0.002345757	0.00258918
circuit5M	patoh	w1000	0.00234067	0.002592967
circuit5M	patoh	w1100	0.00235953	0.002576036
circuit5M	patoh	w1200	0.002375723	0.002579374
circuit5M	patoh	w2000	0.002447383	0.002579173
circuit5M	patoh	w2720	0.002467137	0.002573857
circuit5M	naive	w100	0.01191467	0.002573717
circuit5M	naive	w400	0.004438066	0.002581433
circuit5M	naive	w500	0.003590867	0.002585309
circuit5M	naive	w600	0.002962163	0.002575263
circuit5M	naive	w700	0.00252432	0.00257942
circuit5M	naive	w800	0.002258399	0.002575207
circuit5M	naive	w900	0.002280403	0.002577543
circuit5M	naive	w1000	0.00230486	0.002574813
circuit5M	naive	w1100	0.00232462	0.002575933
circuit5M	naive	w1200	0.00234774	0.00259579
circuit5M	naive	w2000	0.002418707	0.002574157
circuit5M	naive	w2720	0.002451663	0.00258204
cage15	patoh	w100	0.01773961	0.003980796
cage15	patoh	w400	0.007283107	0.003973647
cage15	patoh	w500	0.006381241	0.003997063
cage15	patoh	w600	0.004862243	0.004012513
cage15	patoh	w700	0.004347037	0.003986093
cage15	patoh	w800	0.003944543	0.003968527
cage15	patoh	w900	0.003672934	0.004031363
cage15	patoh	w1000	0.003635774	0.00399071
cage15	patoh	w1100	0.003648086	0.004022373
cage15	patoh	w1200	0.003700477	0.004039347
cage15	patoh	w2000	0.003782636	0.003995991
cage15	patoh	w2720	0.00382264	0.004004404
cage15	naive	w100	0.01655354	0.003986454
cage15	naive	w400	0.006013289	0.003991237
cage15	naive	w500	0.005078967	0.00401306
cage15	naive	w600	0.004117637	0.00400913
cage15	naive	w700	0.003731523	0.004034016
cage15	naive	w800	0.003522233	0.003991539
cage15	naive	w900	0.003580437	0.003968127
cage15	naive	w1000	0.003570827	0.003992743
cage15	naive	w1100	0.003600727	0.00398817
cage15	naive	w1200	0.003627754	0.00398633
cage15	naive	w2000	0.003748504	0.00401552
cage15	naive	w2720	0.00377913	0.003983287
ML_Geer	patoh	w100	0.01592811	0.004178283
ML_Geer	patoh	w400	0.006046366	0.00419615
ML_Geer	patoh	w500	0.005080907	0.004191793
ML_Geer	patoh	w600	0.004237537	0.004211427
ML_Geer	patoh	w700	0.003690543	0.004192766
ML_Geer	patoh	w800	0.003716017	0.00421192
ML_Geer	patoh	w900	0.0037177	0.00421336
ML_Geer	patoh	w1000	0.003771797	0.004157503
ML_Geer	patoh	w1100	0.003841387	0.004162017
ML_Geer	patoh	w1200	0.003856686	0.004208457
ML_Geer	patoh	w2000	0.003977703	0.004206327
ML_Geer	patoh	w2720	0.004041613	0.00420772
ML_Geer	naive	w100	0.01586944	0.004173457
ML_Geer	naive	w400	0.006159087	0.004199256
ML_Geer	naive	w500	0.005004644	0.004208937
ML_Geer	naive	w600	0.004316756	0.004206866
ML_Geer	naive	w700	0.0037186	0.004170633
ML_Geer	naive	w800	0.003753627	0.004204486
ML_Geer	naive	w900	0.003739537	0.004222953
ML_Geer	naive	w1000	0.003794443	0.00417192
ML_Geer	naive	w1100	0.00378369	0.00420801
ML_Geer	naive	w1200	0.003801099	0.00421189
ML_Geer	naive	w2000	0.003927871	0.00421362
ML_Geer	naive	w2720	0.003966044	0.004210753
vas_stokes_1M	patoh	w100	0.005036743	0.001421094
vas_stokes_1M	patoh	w400	0.001759327	0.001441053
vas_stokes_1M	patoh	w500	0.0014258	0.00142701
vas_stokes_1M	patoh	w600	0.001186253	0.00142835
vas_stokes_1M	patoh	w700	0.00119982	0.001428027
vas_stokes_1M	patoh	w800	0.001263483	0.001433677
vas_stokes_1M	patoh	w900	0.00122685	0.00142278
vas_stokes_1M	patoh	w1000	0.001250331	0.001424587
vas_stokes_1M	patoh	w1100	0.001263533	0.001428986
vas_stokes_1M	patoh	w1200	0.001257783	0.001424243
vas_stokes_1M	patoh	w2000	0.00129265	0.001421607
vas_stokes_1M	patoh	w2720	0.001300147	0.001426257
vas_stokes_1M	naive	w100	0.00499729	0.001426567
vas_stokes_1M	naive	w400	0.001733803	0.001430917
vas_stokes_1M	naive	w500	0.00134498	0.00142753
vas_stokes_1M	naive	w600	0.001225167	0.001444444
vas_stokes_1M	naive	w700	0.001210343	0.001424583
vas_stokes_1M	naive	w800	0.001215793	0.001426946
vas_stokes_1M	naive	w900	0.001225876	0.001422323
vas_stokes_1M	naive	w1000	0.001228113	0.001421806
vas_stokes_1M	naive	w1100	0.001241973	0.001426
vas_stokes_1M	naive	w1200	0.001251703	0.001428064
vas_stokes_1M	naive	w2000	0.001287533	0.0014292
vas_stokes_1M	naive	w2720	0.001296514	0.00142964
nv2	patoh	w100	0.008947771	0.002340563
nv2	patoh	w400	0.002995044	0.002348884
nv2	patoh	w500	0.002699393	0.00234581
nv2	patoh	w600	0.002290006	0.00234778
nv2	patoh	w700	0.002135123	0.00233931
nv2	patoh	w800	0.002084266	0.00235275
nv2	patoh	w900	0.00209073	0.002341643
nv2	patoh	w1000	0.002122304	0.0023496
nv2	patoh	w1100	0.00212904	0.002338937
nv2	patoh	w1200	0.002167767	0.00234617
nv2	patoh	w2000	0.002233167	0.002351306
nv2	patoh	w2720	0.002257754	0.00234383
nv2	naive	w100	0.009401253	0.002356873
nv2	naive	w400	0.003516331	0.002350577
nv2	naive	w500	0.002794159	0.00235169
nv2	naive	w600	0.002426036	0.00233668
nv2	naive	w700	0.002141326	0.002351093
nv2	naive	w800	0.002068006	0.002349741
nv2	naive	w900	0.00208363	0.002341487
nv2	naive	w1000	0.002103343	0.002351963
nv2	naive	w1100	0.002120603	0.002348859
nv2	naive	w1200	0.002136714	0.00234563
nv2	naive	w2000	0.002200567	0.002352234
nv2	naive	w2720	0.002227137	0.002352997
Transport	patoh	w100	0.003501907	0.001046456
Transport	patoh	w400	0.0010856	0.00104749
Transport	patoh	w500	0.0008494671	0.001031713
Transport	patoh	w600	0.0008952832	0.001046516
Transport	patoh	w700	0.0008902136	0.001045307
Transport	patoh	w800	0.0008971103	0.00104676
Transport	patoh	w900	0.0009103727	0.001042643
Transport	patoh	w1000	0.0009156632	0.001031187
Transport	patoh	w1100	0.0009270334	0.00104493
Transport	patoh	w1200	0.0009274904	0.001030907
Transport	patoh	w2000	0.0009555769	0.001030607
Transport	patoh	w2720	0.0009718704	0.001029954
Transport	naive	w100	0.003469554	0.001046467
Transport	naive	w400	0.00106632	0.001047437
Transport	naive	w500	0.0008431029	0.00104683
Transport	naive	w600	0.0008653434	0.001046707
Transport	naive	w700	0.0008855303	0.001046751
Transport	naive	w800	0.0008971167	0.00103061
Transport	naive	w900	0.0009043598	0.001043787
Transport	naive	w1000	0.0009143933	0.001045833
Transport	naive	w1100	0.0009217739	0.001040676
Transport	naive	w1200	0.0009297736	0.00103741
Transport	naive	w2000	0.0009554331	0.001046267
Transport	naive	w2720	0.0009667897	0.001046677
Freescale2	patoh	w100	0.004075443	0.001053804
Freescale2	patoh	w400	0.001288896	0.00105177
Freescale2	patoh	w500	0.001013323	0.001050111
Freescale2	patoh	w600	0.0008955669	0.001053306
Freescale2	patoh	w700	0.0009231432	0.00105368
Freescale2	patoh	w800	0.0009169404	0.001040901
Freescale2	patoh	w900	0.0009229032	0.001053517
Freescale2	patoh	w1000	0.0009414204	0.001042376
Freescale2	patoh	w1100	0.0009446065	0.001041347
Freescale2	patoh	w1200	0.0009486198	0.001052317
Freescale2	patoh	w2000	0.0009770036	0.001049237
Freescale2	patoh	w2720	0.0009880765	0.001052367
Freescale2	naive	w100	0.004325183	0.001052804
Freescale2	naive	w400	0.001484114	0.00105381
Freescale2	naive	w500	0.001131287	0.00104038
Freescale2	naive	w600	0.0009093134	0.001042333
Freescale2	naive	w700	0.0009098331	0.00104076
Freescale2	naive	w800	0.000933733	0.00105358
Freescale2	naive	w900	0.0009112302	0.00105225
Freescale2	naive	w1000	0.0009212534	0.001052597
Freescale2	naive	w1100	0.0009323136	0.001039516
Freescale2	naive	w1200	0.000935897	0.001046856
Freescale2	naive	w2000	0.0009664432	0.001043653
Freescale2	naive	w2720	0.0009720167	0.00105258
dgreen	patoh	w100	0.005939806	0.001649857
dgreen	patoh	w400	0.001987734	0.00165402
dgreen	patoh	w500	0.00145156	0.001644833
dgreen	patoh	w600	0.00141633	0.001647673
dgreen	patoh	w700	0.00139299	0.001631643
dgreen	patoh	w800	0.001392537	0.00165018
dgreen	patoh	w900	0.001424224	0.00162683
dgreen	patoh	w1000	0.001443206	0.001653507
dgreen	patoh	w1100	0.001433677	0.001650263
dgreen	patoh	w1200	0.00144802	0.00163698
dgreen	patoh	w2000	0.00148996	0.001638887
dgreen	patoh	w2720	0.00151159	0.001647696
dgreen	naive	w100	0.005784713	0.00164291
dgreen	naive	w400	0.00207215	0.00164613
dgreen	naive	w500	0.00163058	0.001659986
dgreen	naive	w600	0.001393907	0.001635533
dgreen	naive	w700	0.001373596	0.001627231
dgreen	naive	w800	0.001406821	0.001637534
dgreen	naive	w900	0.001412313	0.00163951
dgreen	naive	w1000	0.001434813	0.00164876
dgreen	naive	w1100	0.00142328	0.001648099
dgreen	naive	w1200	0.00143568	0.00164834
dgreen	naive	w2000	0.001478767	0.001639746
dgreen	naive	w2720	0.001500543	0.001636616
ss	patoh	w100	0.005241814	0.001486303
ss	patoh	w400	0.001737347	0.001506104
ss	patoh	w500	0.00131456	0.001502117
ss	patoh	w600	0.00127268	0.001502274
ss	patoh	w700	0.00129905	0.001501457
ss	patoh	w800	0.00126101	0.001480641
ss	patoh	w900	0.001281026	0.00148946
ss	patoh	w1000	0.001288197	0.00148265
ss	patoh	w1100	0.001305076	0.001493323
ss	patoh	w1200	0.001304143	0.001482333
ss	patoh	w2000	0.001347563	0.001488997
ss	patoh	w2720	0.001362903	0.001490126
ss	naive	w100	0.005372263	0.00150681
ss	naive	w400	0.001862417	0.001492263
ss	naive	w500	0.00148747	0.001491967
ss	naive	w600	0.00135185	0.001485267
ss	naive	w700	0.001287143	0.00149933
ss	naive	w800	0.001311883	0.001504743
ss	naive	w900	0.00126567	0.001483986
ss	naive	w1000	0.001291347	0.001485557
ss	naive	w1100	0.001305614	0.001492607
ss	naive	w1200	0.00133566	0.001492197
ss	naive	w2000	0.001375087	0.001497567
ss	naive	w2720	0.001349436	0.00148566
mac_econ_fwd500	patoh	w100	9.281e-05	7.88935e-05
mac_econ_fwd500	patoh	w400	6.462018e-05	7.887602e-05
mac_econ_fwd500	patoh	w500	6.868998e-05	7.89094e-05
mac_econ_fwd500	patoh	w600	7.060289e-05	7.896662e-05
mac_econ_fwd500	patoh	w700	7.020315e-05	7.883708e-05
mac_econ_fwd500	patoh	w800	7.294337e-05	7.89094e-05
mac_econ_fwd500	patoh	w900	7.306973e-05	7.908026e-05
mac_econ_fwd500	patoh	w1000	7.397016e-05	7.89396e-05
mac_econ_fwd500	patoh	w1100	7.362684e-05	7.901986e-05
mac_econ_fwd500	patoh	w1200	7.342974e-05	7.899284e-05
mac_econ_fwd500	patoh	w2000	7.491668e-05	7.877668e-05
mac_econ_fwd500	patoh	w2720	7.766008e-05	7.892688e-05
mac_econ_fwd500	naive	w100	9.380341e-05	7.895629e-05
mac_econ_fwd500	naive	w400	6.51439e-05	7.895311e-05
mac_econ_fwd500	naive	w500	6.761312e-05	7.905404e-05
mac_econ_fwd500	naive	w600	6.882668e-05	7.891337e-05
mac_econ_fwd500	naive	w700	6.988287e-05	7.870595e-05
mac_econ_fwd500	naive	w800	7.160981e-05	7.881959e-05
mac_econ_fwd500	naive	w900	7.322311e-05	7.887284e-05
mac_econ_fwd500	naive	w1000	7.328033e-05	7.887681e-05
mac_econ_fwd500	naive	w1100	7.368724e-05	7.88633e-05
mac_econ_fwd500	naive	w1200	7.412672e-05	7.887999e-05
mac_econ_fwd500	naive	w2000	7.486343e-05	7.882675e-05
mac_econ_fwd500	naive	w2720	7.725e-05	7.886012e-05
FullChip	patoh	w100	0.004928583	0.00129081
FullChip	patoh	w400	0.00152174	0.001283007
FullChip	patoh	w500	0.001165526	0.001284819
FullChip	patoh	w600	0.001128933	0.001286924
FullChip	patoh	w700	0.001126847	0.00128881
FullChip	patoh	w800	0.001141253	0.001290133
FullChip	patoh	w900	0.00114607	0.00127867
FullChip	patoh	w1000	0.001155897	0.001278431
FullChip	patoh	w1100	0.001168501	0.001281687
FullChip	patoh	w1200	0.001180956	0.001279493
FullChip	patoh	w2000	0.00121102	0.001286787
FullChip	patoh	w2720	0.001215153	0.001277853
FullChip	naive	w100	0.00481325	0.001285183
FullChip	naive	w400	0.001598667	0.001287836
FullChip	naive	w500	0.00119452	0.001286444
FullChip	naive	w600	0.001104317	0.001286013
FullChip	naive	w700	0.001119954	0.00127943
FullChip	naive	w800	0.001137327	0.001280971
FullChip	naive	w900	0.001149877	0.00128179
FullChip	naive	w1000	0.001163363	0.00129138
FullChip	naive	w1100	0.001156727	0.001278483
FullChip	naive	w1200	0.00117746	0.001287227
FullChip	naive	w2000	0.00119165	0.001279527
FullChip	naive	w2720	0.001218286	0.001281337
Zd_Jac3	patoh	w100	8.936961e-05	8.414268e-05
Zd_Jac3	patoh	w400	6.937663e-05	8.418719e-05
Zd_Jac3	patoh	w500	7.88633e-05	8.426348e-05
Zd_Jac3	patoh	w600	7.934332e-05	8.435329e-05
Zd_Jac3	patoh	w700	7.953008e-05	8.416971e-05
Zd_Jac3	patoh	w800	8.14867e-05	8.432945e-05
Zd_Jac3	patoh	w900	7.714351e-05	8.418322e-05
Zd_Jac3	patoh	w1000	8.043687e-05	8.414984e-05
Zd_Jac3	patoh	w1100	8.138657e-05	8.430004e-05
Zd_Jac3	patoh	w1200	7.872979e-05	8.413712e-05
Zd_Jac3	patoh	w2000	7.602294e-05	8.420388e-05
Zd_Jac3	patoh	w2720	8.347034e-05	8.435329e-05
Zd_Jac3	naive	w100	0.0001239602	8.437316e-05
Zd_Jac3	naive	w400	7.633607e-05	8.432309e-05
Zd_Jac3	naive	w500	8.286715e-05	8.432706e-05
Zd_Jac3	naive	w600	7.595698e-05	8.433342e-05
Zd_Jac3	naive	w700	7.964691e-05	8.435011e-05
Zd_Jac3	naive	w800	7.591009e-05	8.418719e-05
Zd_Jac3	naive	w900	7.723649e-05	8.424679e-05
Zd_Jac3	naive	w1000	7.769664e-05	8.437395e-05
Zd_Jac3	naive	w1100	7.802645e-05	8.43962e-05
Zd_Jac3	naive	w1200	7.904291e-05	8.430719e-05
Zd_Jac3	naive	w2000	8.054733e-05	8.42603e-05
Zd_Jac3	naive	w2720	8.122603e-05	8.435329e-05
test1	patoh	w100	0.001511749	0.0005767202
test1	patoh	w400	0.0004684901	0.0005765867
test1	patoh	w500	0.0004868134	0.0005782994
test1	patoh	w600	0.000495007	0.0005762903
test1	patoh	w700	0.0005112036	0.0005764174
test1	patoh	w800	0.0005118998	0.0005760932
test1	patoh	w900	0.0005173302	0.0005760773
test1	patoh	w1000	0.0005236594	0.0005761472
test1	patoh	w1100	0.0005313333	0.0005765533
test1	patoh	w1200	0.0005355668	0.0005766797
test1	patoh	w2000	0.0005502502	0.0005773568
test1	patoh	w2720	0.00055691	0.0005768506
test1	naive	w100	0.001611173	0.0005761735
test1	naive	w400	0.0004681595	0.0005763062
test1	naive	w500	0.0004827269	0.0005761536
test1	naive	w600	0.0004970471	0.0005764898
test1	naive	w700	0.0005046503	0.0005767973
test1	naive	w800	0.0005114635	0.00057645
test1	naive	w900	0.0005178761	0.0005766265
test1	naive	w1000	0.0005237699	0.0005769897
test1	naive	w1100	0.0005290802	0.0005764405
test1	naive	w1200	0.0005307269	0.0005769165
test1	naive	w2000	0.0005459499	0.0005762768
test1	naive	w2720	0.0005521433	0.0005766638
TSOPF_RS_b2383_c1	patoh	w100	0.003116877	0.000527223
TSOPF_RS_b2383_c1	patoh	w400	0.000836033	0.0005270767
TSOPF_RS_b2383_c1	patoh	w500	0.0007130504	0.000527277
TSOPF_RS_b2383_c1	patoh	w600	0.0004644895	0.00052701
TSOPF_RS_b2383_c1	patoh	w700	0.0004395032	0.0005282768
TSOPF_RS_b2383_c1	patoh	w800	0.001939374	0.0005274494
TSOPF_RS_b2383_c1	patoh	w900	0.002175413	0.0005270267
TSOPF_RS_b2383_c1	patoh	w1000	0.0004630764	0.0005273438
TSOPF_RS_b2383_c1	patoh	w1100	0.001529606	0.0005270902
TSOPF_RS_b2383_c1	patoh	w1200	0.0004734071	0.000527393
TSOPF_RS_b2383_c1	patoh	w2000	0.00049251	0.0005270497
TSOPF_RS_b2383_c1	patoh	w2720	0.0005085135	0.0005269869
TSOPF_RS_b2383_c1	naive	w100	0.001874227	0.0005271069
TSOPF_RS_b2383_c1	naive	w400	0.0004814839	0.0005272301
TSOPF_RS_b2383_c1	naive	w500	0.000444897	0.0005273199
TSOPF_RS_b2383_c1	naive	w600	0.0004535166	0.00052742
TSOPF_RS_b2383_c1	naive	w700	0.0004641501	0.0005269631
TSOPF_RS_b2383_c1	naive	w800	0.0004708497	0.00052713
TSOPF_RS_b2383_c1	naive	w900	0.0004747971	0.0005274367
TSOPF_RS_b2383_c1	naive	w1000	0.0004807202	0.0005272301
TSOPF_RS_b2383_c1	naive	w1100	0.000482796	0.0005275726
TSOPF_RS_b2383_c1	naive	w1200	0.0004873864	0.0005273366
TSOPF_RS_b2383_c1	naive	w2000	0.0005009429	0.000527517
TSOPF_RS_b2383_c1	naive	w2720	0.000505507	0.0005272468
nxp1_mc64_1	patoh	w100	0.0003205236	0.0001453137
nxp1_mc64_1	patoh	w400	0.000136447	0.0001451572
nxp1_mc64_1	patoh	w500	0.0001407639	0.0001453026
nxp1_mc64_1	patoh	w600	0.0001291935	0.0001453002
nxp1_mc64_1	patoh	w700	0.0001311135	0.0001452168
nxp1_mc64_1	patoh	w800	0.0001324566	0.0001452128
nxp1_mc64_1	patoh	w900	0.0001339499	0.00014522
nxp1_mc64_1	patoh	w1000	0.0001341701	0.0001452804
nxp1_mc64_1	patoh	w1100	0.0001358366	0.0001451596
nxp1_mc64_1	patoh	w1200	0.0001366266	0.0001453034
nxp1_mc64_1	patoh	w2000	0.0001401838	0.0001452033
nxp1_mc64_1	patoh	w2720	0.0001424201	0.0001451763
nxp1_mc64_1	naive	w100	0.0003194666	0.000145057
nxp1_mc64_1	naive	w400	0.0001426498	0.0001452899
nxp1_mc64_1	naive	w500	0.0001376462	0.0001452533
nxp1_mc64_1	naive	w600	0.0001296973	0.0001451699
nxp1_mc64_1	naive	w700	0.0001323771	0.000145363
nxp1_mc64_1	naive	w800	0.0001319329	0.0001450268
nxp1_mc64_1	naive	w900	0.0001338665	0.00014534
nxp1_mc64_1	naive	w1000	0.0001346366	0.0001452335
nxp1_mc64_1	naive	w1100	0.0001356371	0.0001453034
nxp1_mc64_1	naive	w1200	0.0001355433	0.0001451071
nxp1_mc64_1	naive	w2000	0.0001400868	0.0001450769
nxp1_mc64_1	naive	w2720	0.000141023	0.0001453034
torso1	patoh	w100	0.000819517	0.0002916702
torso1	patoh	w400	0.0002334968	0.0002916368
torso1	patoh	w500	0.000240473	0.00029212
torso1	patoh	w600	0.0002441732	0.0002928567
torso1	patoh	w700	0.0002489066	0.0002921907
torso1	patoh	w800	0.00025992	0.0002920866
torso1	patoh	w900	0.0002576868	0.0002919396
torso1	patoh	w1000	0.0002586166	0.000292027
torso1	patoh	w1100	0.0002591634	0.000292027
torso1	patoh	w1200	0.0002647463	0.0002920198
torso1	patoh	w2000	0.00027131	0.0002919134
torso1	patoh	w2720	0.0002738698	0.0002920604
torso1	naive	w100	0.0008012827	0.0002917234
torso1	naive	w400	0.0002495694	0.0002921867
torso1	naive	w500	0.0002490067	0.0002915335
torso1	naive	w600	0.0002595202	0.0002922599
torso1	naive	w700	0.0002596068	0.000292267
torso1	naive	w800	0.0002628334	0.0002919968
torso1	naive	w900	0.0002657596	0.0002923632
torso1	naive	w1000	0.0002688869	0.000292
torso1	naive	w1100	0.0002702936	0.0002915295
torso1	naive	w1200	0.0002726928	0.0002920969
torso1	naive	w2000	0.0002791595	0.0002920397
torso1	naive	w2720	0.0002831833	0.0002920238
para-9	patoh	w100	0.0004197232	0.0002474936
para-9	patoh	w400	0.0002017697	0.0002475333
para-9	patoh	w500	0.0002117968	0.0002474165
para-9	patoh	w600	0.0002165969	0.0002470867
para-9	patoh	w700	0.0002207836	0.0002470199
para-9	patoh	w800	0.0002239267	0.0002471805
para-9	patoh	w900	0.0002271032	0.0002471598
para-9	patoh	w1000	0.0002286331	0.0002475238
para-9	patoh	w1100	0.0002310967	0.0002471503
para-9	patoh	w1200	0.0002318835	0.0002471201
para-9	patoh	w2000	0.0002389169	0.00024743
para-9	patoh	w2720	0.0002412868	0.0002473466
para-9	naive	w100	0.0004152934	0.0002473672
para-9	naive	w400	0.0002021035	0.0002472766
para-9	naive	w500	0.0002097034	0.0002476533
para-9	naive	w600	0.0002149733	0.0002471336
para-9	naive	w700	0.0002194929	0.0002479299
para-9	naive	w800	0.0002227736	0.0002471534
para-9	naive	w900	0.00022458	0.0002472703
para-9	naive	w1000	0.0002272574	0.0002474038
para-9	naive	w1100	0.0002285234	0.0002476533
para-9	naive	w1200	0.0002304872	0.0002476796
para-9	naive	w2000	0.0002367298	0.0002476033
para-9	naive	w2720	0.0002396234	0.0002477137
FEM_3D_thermal2	patoh	w100	0.0002162631	0.0001669534
FEM_3D_thermal2	patoh	w400	0.0001373569	0.0001667404
FEM_3D_thermal2	patoh	w500	0.0001417565	0.0001668835
FEM_3D_thermal2	patoh	w600	0.000145754	0.0001668437
FEM_3D_thermal2	patoh	w700	0.0001480198	0.0001669566
FEM_3D_thermal2	patoh	w800	0.000149823	0.00016675
FEM_3D_thermal2	patoh	w900	0.0001523066	0.0001669097
FEM_3D_thermal2	patoh	w1000	0.00015275	0.0001668398
FEM_3D_thermal2	patoh	w1100	0.0001537903	0.00016687
FEM_3D_thermal2	patoh	w1200	0.000155317	0.0001668135
FEM_3D_thermal2	patoh	w2000	0.0001604335	0.0001668795
FEM_3D_thermal2	patoh	w2720	0.0001627572	0.0001668366
FEM_3D_thermal2	naive	w100	0.0002616398	0.0001669534
FEM_3D_thermal2	naive	w400	0.0001375866	0.0001668866
FEM_3D_thermal2	naive	w500	0.0001418002	0.000166947
FEM_3D_thermal2	naive	w600	0.0001453137	0.0001669399
FEM_3D_thermal2	naive	w700	0.0001480627	0.0001669463
FEM_3D_thermal2	naive	w800	0.0001495798	0.0001668294
FEM_3D_thermal2	naive	w900	0.0001517399	0.0001667635
FEM_3D_thermal2	naive	w1000	0.0001528804	0.0001669637
FEM_3D_thermal2	naive	w1100	0.0001536171	0.0001666101
FEM_3D_thermal2	naive	w1200	0.0001552963	0.0001668032
FEM_3D_thermal2	naive	w2000	0.0001593971	0.0001668334
FEM_3D_thermal2	naive	w2720	0.00016071	0.0001665505
cage13	patoh	w100	0.000764304	0.0003477867
cage13	patoh	w400	0.0002842697	0.0003477732
cage13	patoh	w500	0.0002940869	0.0003474967
cage13	patoh	w600	0.0003020628	0.0003473298
cage13	patoh	w700	0.0003087568	0.0003479536
cage13	patoh	w800	0.0003130237	0.0003479767
cage13	patoh	w900	0.0003162567	0.0003476365
cage13	patoh	w1000	0.0003199967	0.0003476969
cage13	patoh	w1100	0.0003230929	0.0003479799
cage13	patoh	w1200	0.0003240768	0.0003476469
cage13	patoh	w2000	0.0003336096	0.0003477494
cage13	patoh	w2720	0.00033909	0.0003475602
cage13	naive	w100	0.0007207362	0.0003473703
cage13	naive	w400	0.0002830966	0.0003474339
cage13	naive	w500	0.0002933566	0.0003474601
cage13	naive	w600	0.0003015073	0.0003475062
cage13	naive	w700	0.0003065165	0.0003474633
cage13	naive	w800	0.0003113031	0.0003475761
cage13	naive	w900	0.0003148627	0.0003474704
cage13	naive	w1000	0.0003177834	0.0003475833
cage13	naive	w1100	0.0003195333	0.0003475602
cage13	naive	w1200	0.0003224397	0.0003472074
cage13	naive	w2000	0.0003319097	0.0003478901
cage13	naive	w2720	0.0003356306	0.0003475165
Goodwin_127	patoh	w100	0.0004397535	0.00026347
Goodwin_127	patoh	w400	0.0002154533	0.0002635598
Goodwin_127	patoh	w500	0.0002236668	0.0002633937
Goodwin_127	patoh	w600	0.0002281602	0.0002635066
Goodwin_127	patoh	w700	0.0002336868	0.0002635439
Goodwin_127	patoh	w800	0.0002371295	0.0002635264
Goodwin_127	patoh	w900	0.000238723	0.0002635336
Goodwin_127	patoh	w1000	0.0002406271	0.0002632165
Goodwin_127	patoh	w1100	0.0002428699	0.0002630734
Goodwin_127	patoh	w1200	0.0002466599	0.0002630901
Goodwin_127	patoh	w2000	0.0002537362	0.0002630933
Goodwin_127	patoh	w2720	0.000256664	0.0002635034
Goodwin_127	naive	w100	0.0004509934	0.0002635233
Goodwin_127	naive	w400	0.0002147396	0.0002635606
Goodwin_127	naive	w500	0.0002228069	0.0002631561
Goodwin_127	naive	w600	0.0002279997	0.0002634271
Goodwin_127	naive	w700	0.0002322729	0.0002631664
Goodwin_127	naive	w800	0.0002356633	0.0002634136
Goodwin_127	naive	w900	0.0002386562	0.0002635002
Goodwin_127	naive	w1000	0.0002403037	0.0002635495
Goodwin_127	naive	w1100	0.0002427634	0.0002631505
Goodwin_127	naive	w1200	0.0002443671	0.0002635066
Goodwin_127	naive	w2000	0.0002513099	0.0002635797
Goodwin_127	naive	w2720	0.0002544769	0.000263087
bauru5727	patoh	w100	2.887646e-05	1.975695e-05
bauru5727	patoh	w400	2.049685e-05	1.969655e-05
bauru5727	patoh	w500	2.065976e-05	1.970291e-05
bauru5727	patoh	w600	2.082984e-05	1.964331e-05
bauru5727	patoh	w700	2.052704e-05	1.971722e-05
bauru5727	patoh	w800	2.07901e-05	1.97498e-05
bauru5727	patoh	w900	2.086719e-05	1.97506e-05
bauru5727	patoh	w1000	1.976331e-05	1.970053e-05
bauru5727	patoh	w1100	2.023061e-05	1.964966e-05
bauru5727	patoh	w1200	2.010028e-05	1.974026e-05
bauru5727	patoh	w2000	2.053022e-05	1.973311e-05
bauru5727	patoh	w2720	2.04436e-05	2.002637e-05
bauru5727	naive	w100	2.687613e-05	1.989365e-05
bauru5727	naive	w400	2.047698e-05	1.980702e-05
bauru5727	naive	w500	2.193292e-05	1.984676e-05
bauru5727	naive	w600	2.100309e-05	1.980702e-05
bauru5727	naive	w700	2.048651e-05	1.973947e-05
bauru5727	naive	w800	1.995961e-05	1.976331e-05
bauru5727	naive	w900	2.05938e-05	1.977603e-05
bauru5727	naive	w1000	2.198299e-05	1.969973e-05
bauru5727	naive	w1100	2.028704e-05	1.967351e-05
bauru5727	naive	w1200	2.019644e-05	1.971324e-05
bauru5727	naive	w2000	2.107382e-05	1.977285e-05
bauru5727	naive	w2720	2.007961e-05	1.97498e-05
xenon2	patoh	w100	0.0002617574	0.0001829267
xenon2	patoh	w400	0.0001525307	0.0001830904
xenon2	patoh	w500	0.0001566736	0.0001827637
xenon2	patoh	w600	0.0001610772	0.0001830832
xenon2	patoh	w700	0.0001639295	0.0001830435
xenon2	patoh	w800	0.0001654204	0.0001830729
xenon2	patoh	w900	0.0001681797	0.0001831166
xenon2	patoh	w1000	0.0001691031	0.0001829799
xenon2	patoh	w1100	0.0001703636	0.00018296
xenon2	patoh	w1200	0.000171814	0.0001830935
xenon2	patoh	w2000	0.0001763233	0.0001830403
xenon2	patoh	w2720	0.0001778134	0.0001830204
xenon2	naive	w100	0.0002655832	0.0001831802
xenon2	naive	w400	0.0001501767	0.0001830165
xenon2	naive	w500	0.0001563032	0.0001830029
xenon2	naive	w600	0.0001601028	0.0001830006
xenon2	naive	w700	0.0001616804	0.0001828766
xenon2	naive	w800	0.0001644293	0.0001830602
xenon2	naive	w900	0.000166227	0.0001828965
xenon2	naive	w1000	0.0001679428	0.0001831563
xenon2	naive	w1100	0.0001691095	0.0001829966
xenon2	naive	w1200	0.000169607	0.0001830864
xenon2	naive	w2000	0.0001753799	0.0001830498
xenon2	naive	w2720	0.0001767937	0.0001829966
ML_Laplace	patoh	w100	0.003755364	0.00115242
ML_Laplace	patoh	w400	0.00118412	0.00115059
ML_Laplace	patoh	w500	0.0009401766	0.001159299
ML_Laplace	patoh	w600	0.0009598867	0.001146517
ML_Laplace	patoh	w700	0.0009721001	0.001137873
ML_Laplace	patoh	w800	0.00099962	0.001157687
ML_Laplace	patoh	w900	0.001004993	0.001136403
ML_Laplace	patoh	w1000	0.001018813	0.001159797
ML_Laplace	patoh	w1100	0.001023063	0.001147267
ML_Laplace	patoh	w1200	0.00103433	0.001139583
ML_Laplace	patoh	w2000	0.00106792	0.00114572
ML_Laplace	patoh	w2720	0.001080163	0.001145434
ML_Laplace	naive	w100	0.003756789	0.001139576
ML_Laplace	naive	w400	0.001134536	0.001141924
ML_Laplace	naive	w500	0.0009464169	0.001142457
ML_Laplace	naive	w600	0.0009543792	0.001154697
ML_Laplace	naive	w700	0.0009735068	0.001136757
ML_Laplace	naive	w800	0.0009918133	0.001150537
ML_Laplace	naive	w900	0.0010028	0.001156077
ML_Laplace	naive	w1000	0.001010884	0.001159083
ML_Laplace	naive	w1100	0.00101628	0.0011354
ML_Laplace	naive	w1200	0.001022623	0.001159003
ML_Laplace	naive	w2000	0.001059007	0.001138967
ML_Laplace	naive	w2720	0.001066453	0.001149093
trans5	patoh	w100	8.104324e-05	5.05503e-05
trans5	patoh	w400	4.649003e-05	5.062024e-05
trans5	patoh	w500	4.364014e-05	5.049706e-05
trans5	patoh	w600	4.668315e-05	5.061626e-05
trans5	patoh	w700	4.614274e-05	5.044937e-05
trans5	patoh	w800	4.673004e-05	5.048037e-05
trans5	patoh	w900	4.687071e-05	5.04899e-05
trans5	patoh	w1000	4.708687e-05	5.044301e-05
trans5	patoh	w1100	4.766305e-05	5.052725e-05
trans5	patoh	w1200	4.942656e-05	5.052328e-05
trans5	patoh	w2000	4.748027e-05	5.049626e-05
trans5	patoh	w2720	4.752e-05	5.057971e-05
trans5	naive	w100	7.062674e-05	5.047321e-05
trans5	naive	w400	4.552285e-05	5.043983e-05
trans5	naive	w500	4.520019e-05	5.052328e-05
trans5	naive	w600	4.73237e-05	5.057971e-05
trans5	naive	w700	4.71131e-05	5.057335e-05
trans5	naive	w800	4.692396e-05	5.055666e-05
trans5	naive	w900	4.782995e-05	5.052964e-05
trans5	naive	w1000	4.718701e-05	5.04907e-05
trans5	naive	w1100	4.738331e-05	5.050659e-05
trans5	naive	w1200	4.718304e-05	5.047003e-05
trans5	naive	w2000	4.786015e-05	5.038023e-05
trans5	naive	w2720	4.817963e-05	5.055348e-05
inlet	patoh	w100	2.924681e-05	3.173351e-05
inlet	patoh	w400	2.728621e-05	3.188054e-05
inlet	patoh	w500	2.743642e-05	3.18869e-05
inlet	patoh	w600	2.769311e-05	3.177007e-05
inlet	patoh	w700	3.11629e-05	3.17804e-05
inlet	patoh	w800	3.22032e-05	3.177325e-05
inlet	patoh	w900	3.228664e-05	3.183285e-05
inlet	patoh	w1000	3.154039e-05	3.181934e-05
inlet	patoh	w1100	3.19767e-05	3.185987e-05
inlet	patoh	w1200	3.208637e-05	3.185352e-05
inlet	patoh	w2000	3.166676e-05	3.17804e-05
inlet	patoh	w2720	3.180981e-05	3.173272e-05
inlet	naive	w100	3.285011e-05	3.187021e-05
inlet	naive	w400	2.909978e-05	3.187339e-05
inlet	naive	w500	2.748648e-05	3.187339e-05
inlet	naive	w600	2.731323e-05	3.174384e-05
inlet	naive	w700	3.155629e-05	3.183365e-05
inlet	naive	w800	3.167947e-05	3.187974e-05
inlet	naive	w900	3.200293e-05	3.187339e-05
inlet	naive	w1000	3.202677e-05	3.18265e-05
inlet	naive	w1100	3.198624e-05	3.180663e-05
inlet	naive	w1200	3.207684e-05	3.187021e-05
inlet	naive	w2000	3.206333e-05	3.175974e-05
inlet	naive	w2720	3.220002e-05	3.19465e-05
tmt_unsym	patoh	w100	0.000359327	0.0002397903
tmt_unsym	patoh	w400	0.0001973335	0.0002398094
tmt_unsym	patoh	w500	0.0002045266	0.0002399103
tmt_unsym	patoh	w600	0.0002087665	0.0002397227
tmt_unsym	patoh	w700	0.0002133568	0.0002396305
tmt_unsym	patoh	w800	0.0002165071	0.0002397736
tmt_unsym	patoh	w900	0.0002187061	0.0002395797
tmt_unsym	patoh	w1000	0.0002208201	0.0002394199
tmt_unsym	patoh	w1100	0.0002222268	0.0002399627
tmt_unsym	patoh	w1200	0.0002230636	0.0002397331
tmt_unsym	patoh	w2000	0.0002292895	0.0002398968
tmt_unsym	patoh	w2720	0.0002341739	0.0002398435
tmt_unsym	naive	w100	0.00036683	0.0002397402
tmt_unsym	naive	w400	0.0001977499	0.0002396139
tmt_unsym	naive	w500	0.0002042572	0.0002398101
tmt_unsym	naive	w600	0.0002092203	0.0002395129
tmt_unsym	naive	w700	0.0002136993	0.0002395598
tmt_unsym	naive	w800	0.0002167972	0.0002397569
tmt_unsym	naive	w900	0.00021861	0.0002398769
tmt_unsym	naive	w1000	0.0002213136	0.0002398562
tmt_unsym	naive	w1100	0.0002218628	0.0002395368
tmt_unsym	naive	w1200	0.0002232567	0.000239404
tmt_unsym	naive	w2000	0.0002296464	0.0002398864
tmt_unsym	naive	w2720	0.0002320202	0.0002393667
pre2	patoh	w100	0.0005238668	0.000284783
pre2	patoh	w400	0.0002348431	0.0002850461
pre2	patoh	w500	0.0002434961	0.000284973
pre2	patoh	w600	0.0002499437	0.0002846662
pre2	patoh	w700	0.0002528127	0.0002846869
pre2	patoh	w800	0.0002580571	0.0002851701
pre2	patoh	w900	0.0002589869	0.0002845168
pre2	patoh	w1000	0.0002629765	0.00028512
pre2	patoh	w1100	0.0002630035	0.0002845836
pre2	patoh	w1200	0.0002670169	0.0002846734
pre2	patoh	w2000	0.0002747234	0.0002846233
pre2	patoh	w2720	0.0002779063	0.0002846297
pre2	naive	w100	0.0005366627	0.0002847306
pre2	naive	w400	0.0002330534	0.0002845534
pre2	naive	w500	0.0002419567	0.0002846162
pre2	naive	w600	0.0002477002	0.0002848164
pre2	naive	w700	0.0002524233	0.0002851264
pre2	naive	w800	0.0002560401	0.0002849396
pre2	naive	w900	0.0002587032	0.0002846432
pre2	naive	w1000	0.0002610334	0.0002849936
pre2	naive	w1100	0.0002632602	0.0002852535
pre2	naive	w1200	0.0002649967	0.0002848164
pre2	naive	w2000	0.0002728168	0.000285337
pre2	naive	w2720	0.0002754633	0.0002846066
para-5	patoh	w100	0.0004164704	0.0002470867
para-5	patoh	w400	0.0002013834	0.0002474968
para-5	patoh	w500	0.0002116672	0.0002473203
para-5	patoh	w600	0.0002164968	0.0002471272
para-5	patoh	w700	0.0002209004	0.0002475262
para-5	patoh	w800	0.0002239164	0.0002472202
para-5	patoh	w900	0.0002272765	0.0002477765
para-5	patoh	w1000	0.0002286998	0.0002472337
para-5	patoh	w1100	0.0002310999	0.0002471399
para-5	patoh	w1200	0.0002320433	0.0002477272
para-5	patoh	w2000	0.0002390838	0.0002471129
para-5	patoh	w2720	0.0002416333	0.000247337
para-5	naive	w100	0.0004318873	0.0002476867
para-5	naive	w400	0.0002022401	0.0002478735
para-5	naive	w500	0.0002094603	0.0002473497
para-5	naive	w600	0.0002151465	0.0002476168
para-5	naive	w700	0.0002191965	0.0002478997
para-5	naive	w800	0.0002224604	0.0002477431
para-5	naive	w900	0.0002249368	0.0002477368
para-5	naive	w1000	0.0002271795	0.00024786
para-5	naive	w1100	0.0002286164	0.0002477034
para-5	naive	w1200	0.0002303831	0.0002477566
para-5	naive	w2000	0.0002366002	0.0002473593
para-5	naive	w2720	0.0002394231	0.0002474562
largebasis	patoh	w100	0.0004507669	0.0002697833
largebasis	patoh	w400	0.0002212199	0.0002702403
largebasis	patoh	w500	0.00022976	0.0002697905
largebasis	patoh	w600	0.0002343098	0.0002702928
largebasis	patoh	w700	0.0002388668	0.0002703635
largebasis	patoh	w800	0.0002424932	0.0002703468
largebasis	patoh	w900	0.000244813	0.0002703166
largebasis	patoh	w1000	0.000247213	0.0002697937
largebasis	patoh	w1100	0.0002488899	0.0002700067
largebasis	patoh	w1200	0.0002507965	0.0002699399
largebasis	patoh	w2000	0.0002580039	0.0002701672
largebasis	patoh	w2720	0.00026021	0.0002697134
largebasis	naive	w100	0.0004491798	0.000269777
largebasis	naive	w400	0.0002218135	0.0002703993
largebasis	naive	w500	0.0002298768	0.0002701068
largebasis	naive	w600	0.0002350195	0.0002698366
largebasis	naive	w700	0.0002391903	0.0002698803
largebasis	naive	w800	0.0002428071	0.0002703468
largebasis	naive	w900	0.0002454797	0.0002701831
largebasis	naive	w1000	0.000247097	0.0002703238
largebasis	naive	w1100	0.0002493564	0.0002702904
largebasis	naive	w1200	0.0002509602	0.0002702467
largebasis	naive	w2000	0.0002578799	0.0002698771
largebasis	naive	w2720	0.0002603134	0.0002696967
trans4	patoh	w100	8.064032e-05	5.038341e-05
trans4	patoh	w400	4.412651e-05	5.045017e-05
trans4	patoh	w500	4.358371e-05	5.048354e-05
trans4	patoh	w600	4.521052e-05	5.044381e-05
trans4	patoh	w700	4.694303e-05	5.047321e-05
trans4	patoh	w800	4.738967e-05	5.049706e-05
trans4	patoh	w900	4.63899e-05	5.04597e-05
trans4	patoh	w1000	4.647334e-05	5.044619e-05
trans4	patoh	w1100	4.692952e-05	5.052408e-05
trans4	patoh	w1200	4.75804e-05	5.107323e-05
trans4	patoh	w2000	4.785697e-05	5.05201e-05
trans4	patoh	w2720	4.768372e-05	5.046686e-05
trans4	naive	w100	6.049315e-05	5.057335e-05
trans4	naive	w400	4.504045e-05	5.057335e-05
trans4	naive	w500	4.395962e-05	5.046606e-05
trans4	naive	w600	4.608949e-05	5.051374e-05
trans4	naive	w700	4.740318e-05	5.046288e-05
trans4	naive	w800	4.721006e-05	5.056302e-05
trans4	naive	w900	4.719337e-05	5.038341e-05
trans4	naive	w1000	4.743973e-05	5.055269e-05
trans4	naive	w1100	4.761616e-05	5.052725e-05
trans4	naive	w1200	4.745007e-05	5.040963e-05
trans4	naive	w2000	4.777273e-05	5.03699e-05
trans4	naive	w2720	4.825989e-05	5.052408e-05
venkat50	patoh	w100	0.0001005101	9.137948e-05
venkat50	patoh	w400	7.710934e-05	9.131352e-05
venkat50	patoh	w500	7.983287e-05	9.12571e-05
venkat50	patoh	w600	8.105357e-05	9.144942e-05
venkat50	patoh	w700	8.344332e-05	9.141366e-05
venkat50	patoh	w800	8.38534e-05	9.139379e-05
venkat50	patoh	w900	8.431991e-05	9.132703e-05
venkat50	patoh	w1000	8.471012e-05	9.137313e-05
venkat50	patoh	w1100	8.469661e-05	9.133339e-05
venkat50	patoh	w1200	8.504311e-05	9.143035e-05
venkat50	patoh	w2000	8.800666e-05	9.146293e-05
venkat50	patoh	w2720	8.845329e-05	9.12865e-05
venkat50	naive	w100	0.0001017896	9.13763e-05
venkat50	naive	w400	7.819653e-05	9.146055e-05
venkat50	naive	w500	7.995605e-05	9.136359e-05
venkat50	naive	w600	8.145014e-05	9.130001e-05
venkat50	naive	w700	8.09439e-05	9.144704e-05
venkat50	naive	w800	8.352677e-05	9.142717e-05
venkat50	naive	w900	8.394718e-05	9.132703e-05
venkat50	naive	w1000	8.412997e-05	9.133339e-05
venkat50	naive	w1100	8.450667e-05	9.140968e-05
venkat50	naive	w1200	8.469343e-05	9.138982e-05
venkat50	naive	w2000	8.785645e-05	9.131273e-05
venkat50	naive	w2720	8.828719e-05	9.14367e-05
appu	patoh	w100	0.0001200302	9.176652e-05
appu	patoh	w400	7.784367e-05	9.172678e-05
appu	patoh	w500	8.061965e-05	9.172678e-05
appu	patoh	w600	8.120298e-05	9.16036e-05
appu	patoh	w700	8.410692e-05	9.168625e-05
appu	patoh	w800	8.428017e-05	9.163618e-05
appu	patoh	w900	8.45631e-05	9.177685e-05
appu	patoh	w1000	8.473635e-05	9.177367e-05
appu	patoh	w1100	8.793354e-05	9.175698e-05
appu	patoh	w1200	8.80901e-05	9.174983e-05
appu	patoh	w2000	8.830309e-05	9.159724e-05
appu	patoh	w2720	9.143988e-05	9.170691e-05
appu	naive	w100	0.0001117102	9.226322e-05
appu	naive	w400	7.792314e-05	9.17236e-05
appu	naive	w500	8.065303e-05	9.183645e-05
appu	naive	w600	8.162657e-05	9.174347e-05
appu	naive	w700	8.443673e-05	9.174347e-05
appu	naive	w800	8.43366e-05	9.175301e-05
appu	naive	w900	8.454323e-05	9.174029e-05
appu	naive	w1000	8.44868e-05	9.174983e-05
appu	naive	w1100	8.6116e-05	9.155671e-05
appu	naive	w1200	8.773009e-05	9.148359e-05
appu	naive	w2000	8.813063e-05	9.152333e-05
appu	naive	w2720	8.822362e-05	9.169658e-05
k3plates	patoh	w100	3.397942e-05	3.451029e-05
k3plates	patoh	w400	3.204346e-05	3.455003e-05
k3plates	patoh	w500	3.185987e-05	3.453016e-05
k3plates	patoh	w600	3.204664e-05	3.46001e-05
k3plates	patoh	w700	3.189325e-05	3.45095e-05
k3plates	patoh	w800	3.233989e-05	3.455321e-05
k3plates	patoh	w900	3.230015e-05	3.446976e-05
k3plates	patoh	w1000	3.213962e-05	3.452698e-05
k3plates	patoh	w1100	3.176689e-05	3.449678e-05
k3plates	patoh	w1200	3.22636e-05	3.451347e-05
k3plates	patoh	w2000	3.236691e-05	3.453652e-05
k3plates	patoh	w2720	3.178676e-05	3.444672e-05
k3plates	naive	w100	4.096667e-05	3.459374e-05
k3plates	naive	w400	3.281673e-05	3.446023e-05
k3plates	naive	w500	3.259341e-05	3.454049e-05
k3plates	naive	w600	3.189643e-05	3.453016e-05
k3plates	naive	w700	3.20673e-05	3.448009e-05
k3plates	naive	w800	3.220956e-05	3.454685e-05
k3plates	naive	w900	3.213644e-05	3.455003e-05
k3plates	naive	w1000	3.23836e-05	3.456354e-05
k3plates	naive	w1100	3.232002e-05	3.461997e-05
k3plates	naive	w1200	3.22636e-05	3.45095e-05
k3plates	naive	w2000	3.203313e-05	3.449043e-05
k3plates	naive	w2720	3.223975e-05	3.446023e-05
marine1	patoh	w100	0.0005222837	0.0002933669
marine1	patoh	w400	0.0002418701	0.0002937667
marine1	patoh	w500	0.0002479966	0.0002934233
marine1	patoh	w600	0.000256803	0.00029375
marine1	patoh	w700	0.0002622072	0.0002934202
marine1	patoh	w800	0.00026546	0.0002932064
marine1	patoh	w900	0.0002679467	0.0002932938
marine1	patoh	w1000	0.0002684538	0.0002940798
marine1	patoh	w1100	0.0002731371	0.0002937198
marine1	patoh	w1200	0.0002739898	0.0002939002
marine1	patoh	w2000	0.00028217	0.0002938501
marine1	patoh	w2720	0.0002832063	0.0002938437
marine1	naive	w100	0.0005498902	0.000293866
marine1	naive	w400	0.000239807	0.0002933129
marine1	naive	w500	0.0002483233	0.0002938437
marine1	naive	w600	0.0002542098	0.0002935894
marine1	naive	w700	0.0002588002	0.0002936673
marine1	naive	w800	0.0002627738	0.0002937929
marine1	naive	w900	0.0002660934	0.0002937667
marine1	naive	w1000	0.00026841	0.0002934432
marine1	naive	w1100	0.0002702769	0.0002935767
marine1	naive	w1200	0.0002717765	0.0002935433
marine1	naive	w2000	0.0002792907	0.0002937396
marine1	naive	w2720	0.0002829067	0.0002932302
shar_te2-b3	patoh	w100	8.280277e-05	6.028334e-05
shar_te2-b3	patoh	w400	5.112966e-05	6.023328e-05
shar_te2-b3	patoh	w500	5.401691e-05	6.02897e-05
shar_te2-b3	patoh	w600	5.517324e-05	6.024996e-05
shar_te2-b3	patoh	w700	5.568266e-05	6.012996e-05
shar_te2-b3	patoh	w800	5.565325e-05	6.011009e-05
shar_te2-b3	patoh	w900	5.568027e-05	6.013711e-05
shar_te2-b3	patoh	w1000	5.597671e-05	6.010691e-05
shar_te2-b3	patoh	w1100	5.58869e-05	6.009261e-05
shar_te2-b3	patoh	w1200	5.616983e-05	6.010373e-05
shar_te2-b3	patoh	w2000	5.935669e-05	6.022612e-05
shar_te2-b3	patoh	w2720	5.980651e-05	6.010691e-05
shar_te2-b3	naive	w100	6.40734e-05	6.011645e-05
shar_te2-b3	naive	w400	4.969597e-05	6.010056e-05
shar_te2-b3	naive	w500	5.437692e-05	6.02301e-05
shar_te2-b3	naive	w600	5.361001e-05	6.009022e-05
shar_te2-b3	naive	w700	5.39271e-05	6.016016e-05
shar_te2-b3	naive	w800	5.394061e-05	6.032308e-05
shar_te2-b3	naive	w900	5.469958e-05	6.027619e-05
shar_te2-b3	naive	w1000	5.477031e-05	6.016334e-05
shar_te2-b3	naive	w1100	5.536e-05	6.033023e-05
shar_te2-b3	naive	w1200	5.532662e-05	6.00934e-05
shar_te2-b3	naive	w2000	5.873283e-05	6.030003e-05
shar_te2-b3	naive	w2720	5.92804e-05	6.01236e-05
ss1	patoh	w100	6.256978e-05	6.195625e-05
ss1	patoh	w400	5.135695e-05	6.197691e-05
ss1	patoh	w500	5.023003e-05	6.196976e-05
ss1	patoh	w600	5.091667e-05	6.200711e-05
ss1	patoh	w700	5.231301e-05	6.212711e-05
ss1	patoh	w800	5.151669e-05	6.188631e-05
ss1	patoh	w900	5.439361e-05	6.197055e-05
ss1	patoh	w1000	5.523364e-05	6.19634e-05
ss1	patoh	w1100	5.473614e-05	6.195307e-05
ss1	patoh	w1200	5.57367e-05	6.189346e-05
ss1	patoh	w2000	5.745649e-05	6.19936e-05
ss1	patoh	w2720	5.8887e-05	6.182353e-05
ss1	naive	w100	5.775372e-05	6.206671e-05
ss1	naive	w400	5.327384e-05	6.187995e-05
ss1	naive	w500	5.38373e-05	6.201029e-05
ss1	naive	w600	5.366643e-05	6.199996e-05
ss1	naive	w700	5.444368e-05	6.192048e-05
ss1	naive	w800	5.512396e-05	6.203334e-05
ss1	naive	w900	5.800009e-05	6.201665e-05
ss1	naive	w1000	5.82703e-05	6.201267e-05
ss1	naive	w1100	5.863667e-05	6.19332e-05
ss1	naive	w1200	5.986691e-05	6.194035e-05
ss1	naive	w2000	6.061316e-05	6.196658e-05
ss1	naive	w2720	6.105979e-05	6.208658e-05
venkat01	patoh	w100	9.488344e-05	9.139379e-05
venkat01	patoh	w400	7.687012e-05	9.13167e-05
venkat01	patoh	w500	8.050362e-05	9.141048e-05
venkat01	patoh	w600	8.116325e-05	9.142319e-05
venkat01	patoh	w700	8.348703e-05	9.13763e-05
venkat01	patoh	w800	8.388678e-05	9.139617e-05
venkat01	patoh	w900	8.42603e-05	9.143591e-05
venkat01	patoh	w1000	8.425951e-05	9.145021e-05
venkat01	patoh	w1100	8.447647e-05	9.120623e-05
venkat01	patoh	w1200	8.509954e-05	9.142637e-05
venkat01	patoh	w2000	8.81664e-05	9.145339e-05
venkat01	patoh	w2720	8.855343e-05	9.145339e-05
venkat01	naive	w100	0.0001083565	9.145975e-05
venkat01	naive	w400	7.754962e-05	9.143035e-05
venkat01	naive	w500	7.983049e-05	9.14065e-05
venkat01	naive	w600	8.0537e-05	9.143035e-05
venkat01	naive	w700	8.135637e-05	9.145657e-05
venkat01	naive	w800	8.354346e-05	9.145339e-05
venkat01	naive	w900	8.384387e-05	9.134293e-05
venkat01	naive	w1000	8.443991e-05	9.124676e-05
venkat01	naive	w1100	8.464336e-05	9.14367e-05
venkat01	naive	w1200	8.514325e-05	9.13763e-05
venkat01	naive	w2000	8.763313e-05	9.126027e-05
venkat01	naive	w2720	8.827686e-05	9.143353e-05
webbase-1M	patoh	w100	0.0003727667	0.0001866666
webbase-1M	patoh	w400	0.0002051632	0.0001866301
webbase-1M	patoh	w500	0.0001598167	0.0001867167
webbase-1M	patoh	w600	0.0001629337	0.0001867501
webbase-1M	patoh	w700	0.0001675495	0.0001867135
webbase-1M	patoh	w800	0.0001684705	0.00018665
webbase-1M	patoh	w900	0.00016946	0.0001867302
webbase-1M	patoh	w1000	0.0001697763	0.0001866666
webbase-1M	patoh	w1100	0.0001737134	0.0001866531
webbase-1M	patoh	w1200	0.0001726063	0.0001866468
webbase-1M	patoh	w2000	0.0001769328	0.0001867461
webbase-1M	patoh	w2720	0.0001782966	0.000186673
webbase-1M	naive	w100	0.0003112928	0.0001866738
webbase-1M	naive	w400	0.0001528772	0.0001872238
webbase-1M	naive	w500	0.0001568667	0.00018677
webbase-1M	naive	w600	0.0001606234	0.0001868534
webbase-1M	naive	w700	0.0001634034	0.0001866833
webbase-1M	naive	w800	0.0001665131	0.0001867668
webbase-1M	naive	w900	0.0001688766	0.0001866802
webbase-1M	naive	w1000	0.0001702102	0.000186727
webbase-1M	naive	w1100	0.0001718068	0.0001866833
webbase-1M	naive	w1200	0.0001730831	0.0001867628
webbase-1M	naive	w2000	0.0001783498	0.0001866698
webbase-1M	naive	w2720	0.0001802333	0.0001866833
poli4	patoh	w100	2.305667e-05	1.634359e-05
poli4	patoh	w400	2.286673e-05	1.625061e-05
poli4	patoh	w500	1.722336e-05	1.637697e-05
poli4	patoh	w600	1.681725e-05	1.627286e-05
poli4	patoh	w700	1.686335e-05	1.631975e-05
poli4	patoh	w800	1.604319e-05	1.624346e-05
poli4	patoh	w900	1.66138e-05	1.624664e-05
poli4	patoh	w1000	1.669327e-05	1.630306e-05
poli4	patoh	w1100	1.658281e-05	1.632373e-05
poli4	patoh	w1200	1.658996e-05	1.633008e-05
poli4	patoh	w2000	1.668056e-05	1.632293e-05
poli4	patoh	w2720	1.662652e-05	1.631339e-05
poli4	naive	w100	2.046665e-05	1.62665e-05
poli4	naive	w400	1.775662e-05	1.631975e-05
poli4	naive	w500	1.710335e-05	1.624028e-05
poli4	naive	w600	1.658996e-05	1.626015e-05
poli4	naive	w700	1.681964e-05	1.630386e-05
poli4	naive	w800	1.662731e-05	1.635313e-05
poli4	naive	w900	1.648347e-05	1.629035e-05
poli4	naive	w1000	1.653353e-05	1.628319e-05
poli4	naive	w1100	1.6644e-05	1.620611e-05
poli4	naive	w1200	1.656373e-05	1.633326e-05
poli4	naive	w2000	1.639684e-05	1.628002e-05
poli4	naive	w2720	1.657645e-05	1.626015e-05
coupled	patoh	w100	2.431313e-05	1.928727e-05
coupled	patoh	w400	1.629988e-05	1.916011e-05
coupled	patoh	w500	1.545986e-05	1.925707e-05
coupled	patoh	w600	1.598676e-05	1.924992e-05
coupled	patoh	w700	1.573324e-05	1.917362e-05
coupled	patoh	w800	1.596053e-05	1.928329e-05
coupled	patoh	w900	1.58e-05	1.925389e-05
coupled	patoh	w1000	1.591365e-05	1.923641e-05
coupled	patoh	w1100	1.571337e-05	1.916726e-05
coupled	patoh	w1200	1.590649e-05	1.920621e-05
coupled	patoh	w2000	1.814047e-05	1.921018e-05
coupled	patoh	w2720	1.936038e-05	1.929681e-05
coupled	naive	w100	2.307336e-05	1.920303e-05
coupled	naive	w400	1.682997e-05	1.921336e-05
coupled	naive	w500	1.604954e-05	1.926343e-05
coupled	naive	w600	1.575708e-05	1.921972e-05
coupled	naive	w700	1.616319e-05	1.922687e-05
coupled	naive	w800	1.625379e-05	1.923641e-05
coupled	naive	w900	1.561324e-05	1.926025e-05
coupled	naive	w1000	1.598676e-05	1.926263e-05
coupled	naive	w1100	1.58e-05	1.929045e-05
coupled	naive	w1200	1.60567e-05	1.921018e-05
coupled	naive	w2000	1.566013e-05	1.922051e-05
coupled	naive	w2720	1.852671e-05	1.925627e-05
Ill_Stokes	patoh	w100	3.491004e-05	2.609968e-05
Ill_Stokes	patoh	w400	2.137661e-05	2.595981e-05
Ill_Stokes	patoh	w500	2.109051e-05	2.544641e-05
Ill_Stokes	patoh	w600	2.226988e-05	2.513329e-05
Ill_Stokes	patoh	w700	2.15133e-05	2.518336e-05
Ill_Stokes	patoh	w800	2.227704e-05	2.504667e-05
Ill_Stokes	patoh	w900	2.116362e-05	2.461672e-05
Ill_Stokes	patoh	w1000	2.166351e-05	2.451022e-05
Ill_Stokes	patoh	w1100	2.268314e-05	2.633333e-05
Ill_Stokes	patoh	w1200	2.198935e-05	2.520323e-05
Ill_Stokes	patoh	w2000	2.277613e-05	2.506018e-05
Ill_Stokes	patoh	w2720	2.242963e-05	2.476056e-05
Ill_Stokes	naive	w100	2.659718e-05	2.453963e-05
Ill_Stokes	naive	w400	2.133608e-05	2.453963e-05
Ill_Stokes	naive	w500	2.13472e-05	2.46501e-05
Ill_Stokes	naive	w600	2.066692e-05	2.458016e-05
Ill_Stokes	naive	w700	2.112309e-05	2.456983e-05
Ill_Stokes	naive	w800	2.157688e-05	2.45738e-05
Ill_Stokes	naive	w900	2.117634e-05	2.449671e-05
Ill_Stokes	naive	w1000	2.169689e-05	2.457698e-05
Ill_Stokes	naive	w1100	2.191623e-05	2.439976e-05
Ill_Stokes	naive	w1200	2.192656e-05	2.449989e-05
Ill_Stokes	naive	w2000	2.237956e-05	2.446016e-05
Ill_Stokes	naive	w2720	2.2223e-05	2.4333e-05
bayer02	patoh	w100	1.498302e-05	1.523654e-05
bayer02	patoh	w400	1.576026e-05	1.532634e-05
bayer02	patoh	w500	1.572688e-05	1.518965e-05
bayer02	patoh	w600	1.601617e-05	1.523018e-05
bayer02	patoh	w700	1.562039e-05	1.51666e-05
bayer02	patoh	w800	1.564344e-05	1.524687e-05
bayer02	patoh	w900	1.549959e-05	1.523972e-05
bayer02	patoh	w1000	1.582702e-05	1.515309e-05
bayer02	patoh	w1100	1.586676e-05	1.516978e-05
bayer02	patoh	w1200	1.595338e-05	1.516342e-05
bayer02	patoh	w2000	1.565695e-05	1.5227e-05
bayer02	patoh	w2720	1.568953e-05	1.525323e-05
bayer02	naive	w100	1.59661e-05	1.525323e-05
bayer02	naive	w400	1.562357e-05	1.51062e-05
bayer02	naive	w500	1.559337e-05	1.514991e-05
bayer02	naive	w600	1.557271e-05	1.516024e-05
bayer02	naive	w700	1.564344e-05	1.516342e-05
bayer02	naive	w800	1.548052e-05	1.527309e-05
bayer02	naive	w900	1.535018e-05	1.523972e-05
bayer02	naive	w1000	1.584371e-05	1.52564e-05
bayer02	naive	w1100	1.555045e-05	1.516342e-05
bayer02	naive	w1200	1.563311e-05	1.527707e-05
bayer02	naive	w2000	1.548608e-05	1.517693e-05
bayer02	naive	w2720	1.590331e-05	1.51666e-05
wang3	patoh	w100	2.496004e-05	2.128998e-05
wang3	patoh	w400	1.982053e-05	2.118985e-05
wang3	patoh	w500	1.974662e-05	2.036015e-05
wang3	patoh	w600	1.978318e-05	2.01726e-05
wang3	patoh	w700	2.019008e-05	2.012014e-05
wang3	patoh	w800	2.050002e-05	1.960675e-05
wang3	patoh	w900	2.00661e-05	1.960357e-05
wang3	patoh	w1000	2.030293e-05	1.953363e-05
wang3	patoh	w1100	2.026637e-05	1.961311e-05
wang3	patoh	w1200	2.079646e-05	1.955032e-05
wang3	patoh	w2000	2.070347e-05	1.944304e-05
wang3	patoh	w2720	2.085606e-05	1.947641e-05
wang3	naive	w100	2.490679e-05	1.958291e-05
wang3	naive	w400	2.054373e-05	1.950661e-05
wang3	naive	w500	1.927694e-05	1.953284e-05
wang3	naive	w600	2.007643e-05	1.954317e-05
wang3	naive	w700	2.06701e-05	1.94931e-05
wang3	naive	w800	2.03371e-05	1.95233e-05
wang3	naive	w900	2.043962e-05	1.955032e-05
wang3	naive	w1000	2.04738e-05	1.950979e-05
wang3	naive	w1100	2.032995e-05	1.947323e-05
wang3	naive	w1200	2.090375e-05	1.948357e-05
wang3	naive	w2000	2.056996e-05	1.947959e-05
wang3	naive	w2720	2.032995e-05	1.947006e-05
powersim	patoh	w100	1.825651e-05	1.533667e-05
powersim	patoh	w400	1.601617e-05	1.54233e-05
powersim	patoh	w500	1.561006e-05	1.539707e-05
powersim	patoh	w600	1.571655e-05	1.545668e-05
powersim	patoh	w700	1.598358e-05	1.539707e-05
powersim	patoh	w800	1.605988e-05	1.538356e-05
powersim	patoh	w900	1.614014e-05	1.544714e-05
powersim	patoh	w1000	1.607736e-05	1.541694e-05
powersim	patoh	w1100	1.604954e-05	1.553694e-05
powersim	patoh	w1200	1.558701e-05	1.533031e-05
powersim	patoh	w2000	1.624346e-05	1.530011e-05
powersim	patoh	w2720	1.582702e-05	1.529614e-05
powersim	naive	w100	2.078374e-05	1.540343e-05
powersim	naive	w400	1.597722e-05	1.549006e-05
powersim	naive	w500	1.550674e-05	1.534303e-05
powersim	naive	w600	1.58604e-05	1.54233e-05
powersim	naive	w700	1.617988e-05	1.541058e-05
powersim	naive	w800	1.566013e-05	1.542012e-05
powersim	naive	w900	1.60567e-05	1.535018e-05
powersim	naive	w1000	1.589298e-05	1.542012e-05
powersim	naive	w1100	1.550277e-05	1.534939e-05
powersim	naive	w1200	1.605988e-05	1.541615e-05
powersim	naive	w2000	1.570384e-05	1.5347e-05
powersim	naive	w2720	1.58302e-05	1.543681e-05
